question,total_responses,total_correct,p_difficulty,p_difficulty_percent
 It's likely that your morning cup of joe wasn't even grown in America.,480,176,0.367,36.7%
"""Basked"" in paragraph 2 is closest in meaning to ____________.",436,98,0.225,22.5%
"""Bleeding money"" in paragraph 1 most likely means European news organizations are ____________ money.",548,270,0.493,49.3%
"""Buggy"" in paragraph 2 is closest in meaning to ____________.",404,118,0.292,29.2%
"""Climbed"" in paragraph 2 and paragraph 3 show that the stock price ____________.",548,334,0.609,60.9%
"""Content"" in paragraph 3 is closest in meaning to ____________.",548,0,0.0,0.0%
"""Crashed"" used here is closest in meaning to ____________.",548,426,0.777,77.7%
"""Delicate"" in paragraph 1 is closest in meaning to ____________.",890,328,0.369,36.9%
"""Frustrated"" used here means that you are ____________.",436,236,0.541,54.1%
"""Gleaned"" as used in this passage is closest in meaning to ____________.",436,148,0.339,33.9%
"""Handy"" used here means that you are ____________.",436,296,0.679,67.9%
"""He just asked me about my surgery and asked me how I had been since Wimbledon,"" said Murray.",548,272,0.496,49.6%
"""High-end"" in paragraph 3 is closest in meaning to ____________.",404,224,0.554,55.4%
"""It"" in paragraph 2 refers to ____________.",452,108,0.239,23.9%
"""Left behind"" as used in this passage means that something was ____________.",436,186,0.427,42.7%
"""My goodness"" in this conversation was used to express __________.",792,290,0.366,36.6%
"""Out of touch"" as used in this conversation most likely means __________.",380,138,0.363,36.3%
"""Painstakingly"" used here is closest in meaning to ____________.",436,0,0.0,0.0%
"""Palatable"" in paragraph 5 is closest in meaning to ____________.",480,0,0.0,0.0%
"""Pushing"" used here is closest in meaning to ____________.",452,0,0.0,0.0%
"""Repelled"" in paragraph 3 is used to show that migrants were ____________.",452,298,0.659,65.9%
"""Run"" used here is closest in meaning to ____________.",452,216,0.478,47.8%
"""Running"" in paragraph 1 shows that Eric Schmidt ____________ Google.",452,192,0.425,42.5%
"""Sensationalism"" in paragraph 1 is described as ____________.",404,0,0.0,0.0%
"""Set the standard"" is used here to say that ____________.",452,202,0.447,44.7%
"""She works harder than most of them do,"" he says, comparing the pet favorably to some people.",452,278,0.615,61.5%
"""Since then"" in paragraph 3 refers to what point in time?",480,232,0.483,48.3%
"""Strange bird"" is most likely used to describe someone who ____________.",480,0,0.0,0.0%
"""Stressed"" in paragraph 4 is closest in meaning to ____________.",404,200,0.495,49.5%
"""Sweep"" in paragraphs 1 and 3 is closest in meaning to ____________.",452,288,0.637,63.7%
"""Thematic"" in paragraph 3 is closest in meaning to ____________.",436,192,0.44,44.0%
"""Trumping"" used here is closest in meaning to ____________.",548,0,0.0,0.0%
"""Uninitiated"" in paragraph 5 is used to describe ____________.",436,158,0.362,36.2%
"""Weighed"" in paragraph 2 is closest in meaning to ____________.",452,162,0.358,35.8%
"""Well up"" as used in paragraph 3 states that ____________.",436,100,0.229,22.9%
"""Withstood"" in paragraph 3 is closest in meaning to be ____________ something.",480,142,0.296,29.6%
(no article) certain curricula that intend to meet the individual needs of children in special education programs are highly favorable.,480,206,0.429,42.9%
A little white lie is not always harmless. Telling the truth is important at all times.,436,210,0.482,48.2%
A press release is scheduled to happen sometime this week.,380,0,0.0,0.0%
"A sales ""rep"" is short for ____________.",452,214,0.473,47.3%
A winner will then be chosen by a jury including Scott and Michael Fassbender.,548,352,0.642,64.2%
"According to Obama, dependence on foreign oil ____________.",548,316,0.577,57.7%
"According to health officials, what should residents drink during a heat wave?",792,518,0.654,65.4%
"According to the article, what will most likely happen next?",452,106,0.235,23.5%
"According to the passage, the participants in the study ____________.",404,102,0.252,25.2%
"According to the study, the more texts 10-to-14-year-olds sent, the worse their grammar performance.",380,0,0.0,0.0%
"According to the study, why did the bilinguals outperform the monolinguals?",404,196,0.485,48.5%
"According to this article, Bolt was the first __________.",452,284,0.628,62.8%
"According to this passage, rumor has it that ____________.",480,266,0.554,55.4%
"According to this passage, what do Republicans plan to focus on?",436,226,0.518,51.8%
"According to this passage, what happened when Brazil boycotted Google?",548,218,0.398,39.8%
"According to this passage, what is Samsung planning to do?",404,246,0.609,60.9%
"According to this passage, what is special about this car?",452,126,0.279,27.9%
"According to this passage, what is true about the competition?",436,158,0.362,36.2%
"According to this passage, who is Samsung's rival?",404,266,0.658,65.8%
Advanced Investments is essential for serious investors and asset managers who delegate management of their money to a professional.,404,232,0.574,57.4%
"Advertisements that are likely to cause people to have ""body confidence issues"" will be banned from London's public transport network from next month, mayor Sadiq Khan announced on Monday.",436,0,0.0,0.0%
After the meeting we're going to sit down to discuss the results.,436,318,0.729,72.9%
"Alberto Alonso wants a ""chance"" (paragraph 4) to ____________.",436,164,0.376,37.6%
All motion sickness results from your body sensing a discrepancy between what you see and what you feel.,480,226,0.471,47.1%
All students are responsible for finding their own mentor.,480,240,0.5,50.0%
"Although everyone has a say in this issue, the judge will be making the final decision.",380,170,0.447,44.7%
An example of this blurred line between fashion and its representation is the collection of over four hundred photographs by Pierre-Louis Pierson.,452,246,0.544,54.4%
An important part of networking is building relationships.,890,426,0.479,47.9%
An important part of parenting is listening to your children.,436,178,0.408,40.8%
An international gas market is developing. Buyers will gain more than sellers.,404,302,0.748,74.8%
Angela is going to the doctor's office ____________.,792,530,0.669,66.9%
Animals can be a great way to get the viewer to stop skipping through the commercials on their DVR or delay a trip to the fridge during a commercial break.,452,192,0.425,42.5%
"Apple is buying more flair, swagger, and song-picking savvy with its $3 billion acquisition of Beats Electronics, a headphone and music streaming specialist founded by two famous rappers.",404,0,0.0,0.0%
Apple is going to spend $850 million on a solar energy project. The project will generate power for Apple's new headquarters in California.,380,234,0.616,61.6%
"As Mr. Adams languished in prison, some of his tormentors were caught wandering off the straight and narrow.",404,232,0.574,57.4%
"As an incentive to self-improvement and active participation, a few athletes selected by their team qualified for the award.",404,0,0.0,0.0%
"As explorers traipsed around the globe and discovered new places, they often had no idea what to call them, so they asked the locals.",404,246,0.609,60.9%
"As temperatures slowly rise up and down the eastern seaboard, it becomes harder and harder to deny that global warming is, in fact, a real issue.",436,0,0.0,0.0%
"As the US Federal Reserve has scaled back, or ""tapered"", its large-scale asset purchases, emerging markets have looked distinctly unstable.",452,0,0.0,0.0%
As the boys moved around the neighborhood they found new and undiscovered playgrounds.,436,244,0.56,56.0%
"As traditional drugs lose their lure, novel ones are filling the gap in the market.",404,0,0.0,0.0%
At least 50 flooded homes in Queens caught fire and were destroyed. ,548,328,0.599,59.9%
"Beckloff noted that the children also have a close relationship with their 34-year-old cousin TJ Jackson, who was named temporary guardian last week.",792,368,0.465,46.5%
Break It Off compared quitting smoking to ____________.,436,164,0.376,37.6%
"Brewing, distilling, and winemaking are nearly universal activities, and folks will ferment just about anything.",404,0,0.0,0.0%
"By 1949, Wright had become a permanent resident in Paris, having left the United States two years earlier.",548,322,0.588,58.8%
"By late Thursday, the government said the toll from the tremor, the most powerful recorded here since 1934, had risen to 6,130 dead and 13,827 injured.",436,160,0.367,36.7%
Clinton was excited as she accepted the first founders award.,890,528,0.593,59.3%
"Connecting everyday objects to networks, allowing them to send and receive data, is widely seen as the next major evolution of the Internet and one that may transform how many businesses operate and people live.",436,0,0.0,0.0%
Connie Vincent seems ____________ about not working tomorrow.,792,334,0.422,42.2%
"Connie Vincent, a mail carrier, was already sweating as she began her rounds in the new residential neighborhood.",548,246,0.449,44.9%
Could I come over on a Thursday afternoon sometime?,436,196,0.45,45.0%
"Craig Gerber, co-executive producer of ""Sofia the First,"" clarified in a Facebook post on Friday that Sofia is ""a mixed-heritage princess in a fairytale world.""",404,108,0.267,26.7%
Do you mind turning down the volume? It's really loud in here.,452,0,0.0,0.0%
Does Angela normally go to this doctor?,792,402,0.508,50.8%
Eating a hearty breakfast and (no article) lunch might benefit people who are suffering from Type 2 diabetes.,452,216,0.478,47.8%
"Eliza Cicero, a financial analyst, was preparing for her last meeting when she received a call about the flooded office space.",436,256,0.587,58.7%
"Europe‚Äôs leaders need to cut the power of Brussels in many areas, but in some they need to extend it.",548,380,0.693,69.3%
Everyone knows how much playing for my country has always meant to me.,404,324,0.802,80.2%
"Everyone signed the petition to open the zoo back up, yet it remained closed.",380,186,0.489,48.9%
"Facebook moved into its new Frank Gehry-designed headquarters in Silicon Valley, with a rooftop park and ""the largest open-plan office in the world.""",436,0,0.0,0.0%
Flag-waving Spanish workers livid over labor market reforms they see as flagrantly pro-business blocked traffic Thursday.,480,0,0.0,0.0%
Food rations were given to whoever signed the petition first.,548,196,0.358,35.8%
"Food safety is a scientific discipline describing handling, preparation, and storage of food in ways that prevent foodborne illness.",380,0,0.0,0.0%
"For some people, the bear deep in the woods is easy to see while others have much difficulty doing so.",480,288,0.6,60.0%
Foreign investors are helping Europe‚Äôs troubled businesses out of difficulty.,890,370,0.416,41.6%
Freedman says they're putting customers on track to eliminate a few hundred calories a day from their diets.,452,268,0.593,59.3%
"Given the labor intensity of organic farming, the yield is often smaller than a factory farm.",480,184,0.383,38.3%
"Had I known that the traffic was so bad, I would have chosen to take the Brooklyn Bridge instead.",436,0,0.0,0.0%
"Had I known the movie was so violent, I wouldn't have let my children watch it.",404,0,0.0,0.0%
"Having a ""closet packed with skeletons"" in paragraph 3 most likely means that ____________.",404,0,0.0,0.0%
Hawaii has been producing coffee since the mid-nineteenth century.,452,192,0.425,42.5%
He was planning a surprise picnic for his wife when he found out about the severe weather conditions.,404,236,0.584,58.4%
He will visit Linda in the hospital today.,452,290,0.642,64.2%
He's very popular so he has a lot of friends.,548,306,0.558,55.8%
Her actions responded to a shifting landscape of consumption and a philosophy of eating that was filtering down from foodies to everyone else.,548,0,0.0,0.0%
Hospitals in the city that deliver babies will no longer hand out promotional formula.,380,152,0.4,40.0%
How can you purchase tickets?,404,272,0.673,67.3%
How did Apple respond to this issue?,404,0,0.0,0.0%
How fast did Bolt run the 200 meters?,452,330,0.73,73.0%
How high can it go?,480,188,0.392,39.2%
How long does the show last?,404,248,0.614,61.4%
How long is the product?,480,222,0.462,46.2%
How many gold medals does Bolt have now?,452,268,0.593,59.3%
How many officers so far have admitted to discriminatory actions and abuse toward Latinos?,548,0,0.0,0.0%
How much are they spending on the hamburger?,890,290,0.326,32.6%
How much does Mark Mahaney want a Netflix share to cost?,548,388,0.708,70.8%
How much money is Google expected to make this year?,792,314,0.396,39.6%
"However, it's not just in education where people are starting to take note.",452,224,0.496,49.6%
I am afraid to go to bed in the dark.,436,296,0.679,67.9%
I am deeply excited and honored to join you.,548,338,0.617,61.7%
I can think of a few situations where animals should stay in the zoo.,436,220,0.505,50.5%
"I had looked everywhere for the little dog without any luck, which was making me increasingly frustrated.",436,188,0.431,43.1%
I look for new ways to cook fish every week.,436,290,0.665,66.5%
"I told her to do whatever she wanted, and I could not be happier with the results.",436,258,0.592,59.2%
I'm having some trouble with these boxes. Will you please help me move them?,404,0,0.0,0.0%
"If grilling all the vegetables is the best idea, go ahead and do it.",404,122,0.302,30.2%
"If it had rained even a little more, roads would have been closed for another day.",480,0,0.0,0.0%
"If nominated by one of their employees, the CEOs at the conference would have been eligible to receive the award.",548,0,0.0,0.0%
"If the Europeans could have foreseen the cataclysm that would befall the world on Aug. 4th of 1914, they would not have declared World War I.",452,0,0.0,0.0%
"If the butterflies are ""free-flying"" it means that they ____________.",404,266,0.658,65.8%
"If the children were sicker, they would need to go to an urgent care clinic.",436,116,0.266,26.6%
"If the children were smaller, they would not be able to go on the ride.",480,152,0.317,31.7%
"If the passage were to continue, what would most likely be discussed next?",404,190,0.47,47.0%
"If there had been even one more person, we would not have fit in the car.",380,132,0.347,34.7%
"If weather conditions were worse, the roads would be closed.",404,176,0.436,43.6%
"If you eat now, you will be hungry later.",548,320,0.584,58.4%
"If you have fewer than 10 items in your basket, you can be in the express line.",380,0,0.0,0.0%
"If you want a friend in Washington, get a dog.",792,458,0.578,57.8%
Imagine the many people who are traveling around hundreds of miles of streets; how are they going to find the right way? ,452,270,0.597,59.7%
"In paragraph 2, Steve Jobs expresses that he thinks ____________.",404,144,0.356,35.6%
"In paragraph 3, ""had a field day"" most likely means that Pulitzer ____________,",404,0,0.0,0.0%
"In response to Apple's criticisms, Adobe ____________.",404,224,0.554,55.4%
Is she buying a new car today?,548,354,0.646,64.6%
Is this Stephen's first time visiting?,380,222,0.584,58.4%
It can be inferred from paragraph 1 that Havaianas are ____________.,380,232,0.611,61.1%
It can be inferred from paragraph 1 that ____________.,1228,282,0.23,23.0%
It can be inferred from the passage that ____________.,480,0,0.0,0.0%
It can be inferred from this passage that ____________.,1268,324,0.256,25.6%
It can be inferred from this passage that the woman ____________.,436,0,0.0,0.0%
It can be inferred that Edward Snowden is ____________.,480,186,0.388,38.8%
It can be inferred that ____________.,452,0,0.0,0.0%
It can be inferred that this position ____________.,404,178,0.441,44.1%
It can be inferred that workers in Johannesburg ____________.,548,412,0.752,75.2%
It is most likely the case that ____________.,436,76,0.174,17.4%
It turns out that scientists are looking forward to printing in 4D.,380,190,0.5,50.0%
It would be better if there were less light in this room.,452,140,0.31,31.0%
"It's possible for this to happen, isn't it?",380,186,0.489,48.9%
Joe and Sam's sister decided to park her car in their garage.,380,144,0.379,37.9%
"Johnson has been elected president, making her the first woman to take this role.",452,234,0.518,51.8%
Korean music has its influence far beyond East Asia.,404,292,0.723,72.3%
Lady Gaga is one of the most visible celebrities in the world.,792,418,0.528,52.8%
"Lean, finely textured beef is both pink and ‚Äî like all ground beef ‚Äî has a slimy texture.",380,180,0.474,47.4%
"Liberty and Peace were prepared ""to face,"" or to ____________, the press.",480,178,0.371,37.1%
LinkedIn Corp. will soon open up its online professional networking service to high school students.,480,244,0.508,50.8%
Lulea is an attractive location for businesses like Facebook because ____________.,452,0,0.0,0.0%
Management announced that lunch would be provided regularly.,452,236,0.522,52.2%
Marcela Davison Aviles _____________ the decision to call Sofia a Latina princess.,380,214,0.563,56.3%
Miller suggests avoiding coffee during time periods when the body is naturally more alert.,452,0,0.0,0.0%
"Minaj says Chanel, Versace, and Herve Leger were among her inspirations.",404,210,0.52,52.0%
Nine inches of rain in parts of West Virginia destroyed or damaged more than 100 homes.,436,346,0.794,79.4%
"Not only can animals be cute or cuddly, but they often trigger predictable emotions among humans.",452,170,0.376,37.6%
"Old ideas of what to eat‚Äîlow-fat ice cream, diet soda, whatever‚Äîare shunted from the bobos to the masses, and new ones take their place.",548,0,0.0,0.0%
"Once they found out the pizzeria was still open, the siblings put in an order for multiple pizzas.",548,290,0.529,52.9%
One orangutan named Tori became addicted to smoking when guests continually fed her cigarettes.,548,356,0.65,65.0%
Output will increase to 81.76 million metric tons in 2013-2014 from an estimated 79.88 million tons in 2012.,380,110,0.289,28.9%
Paragraph 2 exists to ____________.,3448,1442,0.418,41.8%
Paragraph 3 exists to ____________.,2804,770,0.275,27.5%
Paragraph 4 implies that ____________.,452,268,0.593,59.3%
Paragraph 5 exists to ____________.,452,0,0.0,0.0%
"Paragraph 5 states that umami ""induces salivation"" which most likely means that ____________.",480,0,0.0,0.0%
Parents are more likely than those without children to partake in these two activities.,380,118,0.311,31.1%
Pasta infused with ____________ is trending lately.,548,0,0.0,0.0%
Philadelphia became the first major US city to vote to tax sugary drinks.,436,242,0.555,55.5%
Portugal needed the financial rescue after nervous investors stopped lending it money at affordable prices.,548,0,0.0,0.0%
Postal officials quickly sent for a worker to repaint it.,890,384,0.431,43.1%
President Jeffries has arranged to visit the emperor either this month or next month.,436,218,0.5,50.0%
Professionals are able to handle multiple clients at once.,436,242,0.555,55.5%
Professionals are able to walk multiple dogs at a time.,452,280,0.619,61.9%
Professor would refuse if you tried to pay her for her help.,548,342,0.624,62.4%
Research shows that diet and exercise are not the keys to weight loss and health.,480,154,0.321,32.1%
Rick Wagoner did NOT mention the ____________ of advanced batteries as a core competency for GM. ,452,216,0.478,47.8%
"Salt, olive oil, and fresh lemon juice are among her pantry staples.",436,188,0.431,43.1%
"Sanders, who wasn't properly trained for the role, injured his back and knee.",452,252,0.558,55.8%
Scientists around the world are working very hard now to find a cure to cancer.,792,426,0.538,53.8%
Scientists have long known that sleeping in a cool room can help you sleep more peacefully.,452,244,0.54,54.0%
Senator Rice has plans to visit either this week or next week.,404,130,0.322,32.2%
Several of the committee members shared their opinions on the proposal.,380,0,0.0,0.0%
She didn't eat the fudge caramel cheesecake because she was watching her figure.,404,0,0.0,0.0%
She does NOT mention ____________ in this passage.,452,216,0.478,47.8%
She found that the difference was minimal. ,452,272,0.602,60.2%
"She likes bananas, but she like apples more.",890,476,0.535,53.5%
She should choose a job that considers her own interests.,480,184,0.383,38.3%
She was always afraid of the water; nevertheless she became a scuba diver.,548,0,0.0,0.0%
"Should an express train be implemented, local stations between Church Av and Jay St-MetroTech would have 50% less peak service.",436,0,0.0,0.0%
"Since catching pneumonia in 1985, Hawking has needed around-the-clock care and relies on a computer and voice synthesizer to speak.",452,0,0.0,0.0%
"Since the desk is ""contoured"", it most likely ____________.",480,206,0.429,42.9%
Some characteristics of southern hospitality were described as early as 1835.,480,206,0.429,42.9%
Stanford's Miles Unterreiner will pull off a remarkable double Saturday that would be logistically impossible without help from his school and a huge assist by the NCAA.,480,0,0.0,0.0%
"Still, 2,500 Burger King stores will continue to offer Satisfries as a permanent menu item.",452,270,0.597,59.7%
"Still, the Brewers of Europe said in a statement that beer is ""being singled out"" compared to wine.",548,320,0.584,58.4%
Suzanne Barr most likely feels ____________.,380,0,0.0,0.0%
Teachers who insist on meeting parents in the absence of the child probably have concerns to address.,380,150,0.395,39.5%
"Thailand is swarming with cheap but risky cosmetic clinics, thanks to two powerful forces: Their prices are designed to attract the poor, and Thai society defines beauty as fair and delicate.",548,158,0.288,28.8%
That girl has the longest hair I've ever seen.,404,174,0.431,43.1%
"That's two deaths for every 100 million passengers on commercial flights, according to an Associated Press analysis of government accident data. ",436,262,0.601,60.1%
"The ""crusade"" that is mentioned here refers to ____________.",452,0,0.0,0.0%
"The ""near misses"" in paragraph 3 refer specifically to incidents that ____________.",436,0,0.0,0.0%
The European Chamber is not convinced that this has systematically been the case in China‚Äôs recent investigations.,404,176,0.436,43.6%
The Food and Drug Administration says it will begin cracking down on companies.,380,138,0.363,36.3%
The Info Ladies project was created in 2008 by local development group D.Net and other community organizations. ,380,230,0.605,60.5%
"The Metamorphosis' is a dark fantasy about a schizophrenic who believes he‚Äôs been turned into a human-sized beetle, terrorizing his family with his decrepit mental state.",548,306,0.558,55.8%
"The Serb entered the court wearing a Darth Vader mask on Halloween, and continued to put on a show by winning the first set in just 21 minutes.",548,212,0.387,38.7%
The United States will discuss how its efforts will effectively aide the civil war victims. ,548,0,0.0,0.0%
The added expense of these extra ingredients is more than offset by a given company‚Äôs ability to produce foods in mass quantities.,480,230,0.479,47.9%
The art curator's studio was filled with gorgeous antique wooden tables.,452,0,0.0,0.0%
The artist created this piece using large flat metal scraps.,480,218,0.454,45.4%
The author discusses breast cancer in order to __________.,380,0,0.0,0.0%
"The author mentions ""reclined seats, extended table trays, and briefcases"" in paragraph 1 in order to _____________.",452,168,0.372,37.2%
The author mentions Gisele Bunchen in paragraph 3 to show ____________.,380,200,0.526,52.6%
The author mentions the new levy in order to ____________.,380,168,0.442,44.2%
The book is exciting; it has been a bestseller for years now.,436,264,0.606,60.6%
The boss requested too much food for the meeting.,890,380,0.427,42.7%
The boy's painting is very colorful.,548,402,0.734,73.4%
The cashier does NOT ask for a ____________.,404,260,0.644,64.4%
The children were permitted to invite whomever they wanted to attend the celebration.,404,228,0.564,56.4%
The contest was overseen by director Ridley Scott.,380,226,0.595,59.5%
"The court's decision on online privacy, which cannot be appealed against, triggered a wave of internet alarm.",404,176,0.436,43.6%
The culprit refused to say to whom the video belonged.,452,156,0.345,34.5%
The day is beautiful.,792,594,0.75,75.0%
The dentist called for the next patient.,890,304,0.342,34.2%
The doctor studied the results carefully.,404,242,0.599,59.9%
The employee most likely asked if the computer was purchased at the store because ____________.,548,320,0.584,58.4%
"The employer did not give fair wages, nor did he agree to amend his ways.",548,338,0.617,61.7%
The first paragraph exists to ____________.,380,194,0.511,51.1%
The furnished apartment was under inspection all week because the former tenants had apparently gotten their furniture from a toxic area.,404,190,0.47,47.0%
The guests were encouraged to recommend whoever seemed qualified for the new position.,480,0,0.0,0.0%
The human body isn't designed to process this form of sugar at such high levels.,452,154,0.341,34.1%
The leader will give orders either today or tomorrow.,380,178,0.468,46.8%
The main idea of this passage is in paragraph ____________.,452,158,0.35,35.0%
"The main opposition, the Socialist Party, described the draft budget as ""brutal.""",548,256,0.467,46.7%
The man does NOT say that physical activity helped him learn how to ____________.,436,152,0.349,34.9%
The man‚Äôs main purpose is to ____________.,404,200,0.495,49.5%
The movie is very good; it has been popular in English for a long time now.,404,288,0.713,71.3%
The multicolored container was under inspection for weeks before being thrown out for safety purposes.,480,0,0.0,0.0%
The owner most likely hired security guards to ____________.,890,478,0.537,53.7%
The patient mailed the letter to the president.,792,324,0.409,40.9%
The phone call was most likely made ____________.,452,316,0.699,69.9%
The political debates helped viewers gain insight into what was worrying each party the most.,380,0,0.0,0.0%
The pressure is __________.,792,294,0.371,37.1%
"The problem appears to be caused by UltraMist's spray valve, which is over-applying the product, Energizer said in a statement.",380,172,0.453,45.3%
The purpose of Stephen's visit is to __________.,380,124,0.326,32.6%
The purpose of paragraph 4 is to ____________.,480,192,0.4,40.0%
The search giant now has brought its all-seeing eyes ‚Äî mounted for the first time on a backpack ‚Äî down into the Grand Canyon.,380,102,0.268,26.8%
The settlement still must be agreed to by town officials.,380,0,0.0,0.0%
"The six large outbreaks of twisters, which were especially deadly this year, can't be attributed to global warming.",452,0,0.0,0.0%
The skater managed to pull off the most complex stunt during the competition.,404,0,0.0,0.0%
The stadium must remain closed until there are no safety risks to the public attending events at the venue.,548,286,0.522,52.2%
The staff praised the members of the men‚Äôs basketball team for accepting their unfaithful coach‚Äôs apology.,452,0,0.0,0.0%
The system tracks student progress and is meant to tailor lessons to each student's level.,480,0,0.0,0.0%
The teachers would have been eligible to win the university-wide award if any of their students nominated them.,436,0,0.0,0.0%
The thousands of guests quickly packed the San Diego Convention Center for the sold out Comic-Con.,404,256,0.634,63.4%
The two moved in together and tabloids soon began predicting everything from marriage to babies for the new couple.,548,164,0.299,29.9%
"The way bilinguals ""performed"" in this study is most like the way ____________ would perform.",404,248,0.614,61.4%
"The word ""They"" in paragraph 2 refers to ____________.",380,84,0.221,22.1%
"The word ""generate"" in paragraph 3 is closest in meaning to ____________.",380,248,0.653,65.3%
"The word ""penalty"" in paragraph 3 is closest in meaning to ____________.",792,208,0.263,26.3%
"The word ""their"" in paragraph 4 refers to ____________.",380,130,0.342,34.2%
The word ‚Äòremote‚Äô is closest in meaning to ____________.,548,308,0.562,56.2%
"The world's biggest coffee producers are located in the ""Bean Belt.""",890,458,0.515,51.5%
There needed to be less water in the fish tank for it to not splash all over the place.,436,262,0.601,60.1%
There needed to be less water in the pool for it to not overflow.,404,166,0.411,41.1%
"There was enough food for everyone at the party, so everyone left feeling full and satisfied.",404,246,0.609,60.9%
There were fewer than 10 issues that were discussed at the summit.,480,0,0.0,0.0%
There were fewer than 15 people that showed up to the conference.,548,0,0.0,0.0%
There will always be a chord beyond your tiredness and frustration.,480,234,0.488,48.8%
"These arguments he discards for lack of evidence‚Äîbut when it comes to slimming down the masses with junk-food engineering, Freedman's fine to cross his fingers and hope it all works out.",480,0,0.0,0.0%
They bought plates that were smaller than the plates they had before.,548,350,0.639,63.9%
"They didn't leave yet, did they?",480,188,0.392,39.2%
"They have two children; one is four years old, and the other is two years old.",404,316,0.782,78.2%
"This audio implies that a ""shared culture"" is __________.",380,0,0.0,0.0%
"This drug has been studied significantly, but never in a clinical trial on humans.",452,196,0.434,43.4%
This graduation speech would be great if the message were relevant to the students.,452,142,0.314,31.4%
This haircut is terrible.,436,264,0.606,60.6%
This hamburger is made from ____________.,890,248,0.279,27.9%
This is a great opportunity to sit down with friends to talk.,404,240,0.594,59.4%
This passage is a/an ____________.,404,204,0.505,50.5%
This passage is mainly about Netflix's ____________.,548,316,0.577,57.7%
This passage is mainly about ____________.,816,520,0.637,63.7%
This sunrise is beautiful.,404,336,0.832,83.2%
"This week, luxury hotel brand the Four Seasons has followed suit, launching a new app that allows guests to make special requests, check in and check out, and seek out local recommendations.",436,162,0.372,37.2%
"To ""give ground"" means to __________.",380,140,0.368,36.8%
"To add to the drama will be the presence in the parliament of so many populist parties, most of them anti-European.",548,0,0.0,0.0%
"To open the conversation with such a vitriolic attack is clearly the politician's way of saying ""the gloves have come off.""",436,0,0.0,0.0%
"To try to answer the question of whether gallery clusters actually jumpstart transformation, Schuetz looks at every city block in Manhattan to see if there is evidence of accelerated development in the years after an art gallery moved into a neighborhood.",404,0,0.0,0.0%
"To whom is Obama referring when he says ""we""?",380,196,0.516,51.6%
"Tom won't forget, will he?",404,192,0.475,47.5%
Turtles move slowly.,792,254,0.321,32.1%
"Two other regions voted against the proposal, which was eventually approved.",548,316,0.577,57.7%
Warren Weir took third.,480,222,0.462,46.2%
"We can adopt measures that aren't very nice, but are absolutely necessary.",436,310,0.711,71.1%
"We have enough milk for coffee, don't we?",436,206,0.472,47.2%
"We love this bouquet of flowers, don't we?",452,204,0.451,45.1%
We should look into some of the issues that were brought to our attention at the last meeting.,480,204,0.425,42.5%
"We were hopeful that the law would be overturned some day, but we were completely stunned that it came when it did.",452,242,0.535,53.5%
"We're going to the show, aren't we?",548,300,0.547,54.7%
What are Uggie‚Äôs future plans?,548,372,0.679,67.9%
What are some European countries being asked to do?,548,390,0.712,71.2%
What can be inferred about Newsweek Global?,548,0,0.0,0.0%
What can be inferred from paragraph 4?,760,108,0.142,14.2%
What can be inferred from the passage?,480,0,0.0,0.0%
What can be inferred from the text?,480,132,0.275,27.5%
What can be inferred from this conversation?,404,228,0.564,56.4%
What can be inferred from this passage?,4180,856,0.205,20.5%
What can be inferred from this report?,404,0,0.0,0.0%
What can we infer from the passage?,808,108,0.134,13.4%
What can we tell from the conversation?,404,222,0.55,55.0%
What climatic issues does Obama NOT mention specifically?,548,364,0.664,66.4%
What did NOT happen because of the snow?,548,356,0.65,65.0%
"What does ""that'll do it"" mean in this conversation?",548,416,0.759,75.9%
What does Obama think of the climate change issue?,548,266,0.485,48.5%
What does the $50 cover?,548,270,0.493,49.3%
What does the U.S. plan to do with Snowden?,480,118,0.246,24.6%
What does the customer need to buy?,548,352,0.642,64.2%
What does the customer order?,404,308,0.762,76.2%
What does the man want in his sub?,548,374,0.682,68.2%
What does this exhibition feature?,404,234,0.579,57.9%
What feature is the product known for?,480,148,0.308,30.8%
What happened to Baby Shaker?,404,0,0.0,0.0%
What happens to items that are confiscated?,452,78,0.173,17.3%
What information is NOT given?,548,410,0.748,74.8%
"What is ""getting in the way"" of a shared culture?",380,0,0.0,0.0%
What is Connie Vincent‚Äôs profession?,792,348,0.439,43.9%
What is Eric Schmidt's current job?,452,248,0.549,54.9%
What is NOT downtown?,380,196,0.516,51.6%
What is NOT mentioned in this passage?,436,196,0.45,45.0%
What is NOT true about the reviewer?,480,204,0.425,42.5%
What is NOT true about this article?,1096,270,0.246,24.6%
What is NOT true about this passage?,932,126,0.135,13.5%
What is NOT true about umami?,480,0,0.0,0.0%
What is NOT true according to this passage?,480,208,0.433,43.3%
What is Stephen's friend doing?,480,0,0.0,0.0%
What is a possible outcome of the Nokia purchase?,480,0,0.0,0.0%
"What is going to be ""monitored""?",452,152,0.336,33.6%
What is inferred from this speech?,928,354,0.381,38.1%
What is most likely the cause for the shift to an all-digital format?,548,0,0.0,0.0%
"What is most likely the reporter‚Äôs attitude toward ""Baby Shaker""?",404,0,0.0,0.0%
What is most likely the significance of having ‚ÄúInfo Ladies‚Äù?,548,328,0.599,59.9%
What is not stated as a possible reason for the change in airplane safety?,436,0,0.0,0.0%
What is so special about Liberty and Peace?,480,270,0.562,56.2%
What is something Stephen forgot?,480,0,0.0,0.0%
What is something that is not mentioned in this passage?,380,154,0.405,40.5%
What is something that the woman does NOT say?,436,0,0.0,0.0%
What is the customer‚Äôs apartment number?,404,270,0.668,66.8%
What is the difference between Liberty and Peace and the two unnamed turkeys mentioned in the audio?,480,242,0.504,50.4%
What is the goal of this project?,890,430,0.483,48.3%
What is the goal of this study?,404,176,0.436,43.6%
What is the main idea of this passage?,888,178,0.2,20.0%
What is the man‚Äôs character supposed to do?,404,202,0.5,50.0%
What is the most popular smoothie?,548,464,0.847,84.7%
What is the passage mainly about?,404,194,0.48,48.0%
What is the primary quality of an ideal candidate?,404,226,0.559,55.9%
What is the purpose of referring to Shakespeare in this passage?,404,0,0.0,0.0%
What is the purpose of the book?,452,146,0.323,32.3%
What is the response of Hispanic advocacy groups to Walt Disney Co.‚Äôs new princess?,380,166,0.437,43.7%
What is this passage about?,1340,248,0.185,18.5%
What is this passage mainly about?,916,436,0.476,47.6%
What is true about Smokers' Helpline?,436,234,0.537,53.7%
What is true about the item?,436,254,0.583,58.3%
What is true about the passage?,436,288,0.661,66.1%
What is true about the tickets the airline employee recommends?,404,178,0.441,44.1%
What is true about the tickets?,404,150,0.371,37.1%
What is true about this conversation?,952,676,0.71,71.0%
What is true about this passage?,1268,350,0.276,27.6%
What is true according to this audio?,548,0,0.0,0.0%
What is true according to this passage?,436,128,0.294,29.4%
What is unusual about this hamburger?,890,350,0.393,39.3%
What kinds of tickets does this office sell?,452,162,0.358,35.8%
What made this situation a ‚Äúkick in the teeth‚Äù?,548,386,0.704,70.4%
What noteworthy change does President Obama mention in his speech?,380,76,0.2,20.0%
What seems to be the author‚Äôs attitude toward journalistic sensationalism?,404,0,0.0,0.0%
What size hard drive does the customer need to get?,548,268,0.489,48.9%
What time is the appointment?,792,482,0.609,60.9%
What was NOT mentioned in this audio?,380,0,0.0,0.0%
What was NOT mentioned in this passage?,452,0,0.0,0.0%
What was the best food you had in the past year?,890,278,0.312,31.2%
What were the ‚Äúunfounded allegations designed to destroy [his/her] career‚Äù?,380,0,0.0,0.0%
What will Liberty do afterwards? ,480,204,0.425,42.5%
What will happen as a result of the increase of taxes?,548,422,0.77,77.0%
What will most likely happen next?,436,200,0.459,45.9%
What would a creator need to do in order to utilize the service discussed here?,380,0,0.0,0.0%
"When Matz Engman says ""this is huge"" in paragraph 4, ""this"" refers to ____________.",452,0,0.0,0.0%
When did the man go to the electronics store?,436,328,0.752,75.2%
When does the customer plan to come back from Atlanta?,404,306,0.757,75.7%
When is this office open?,452,326,0.721,72.1%
"When it rains, she wears her rain boots.",792,340,0.429,42.9%
"When officials reported wanting to investigate the crime scene, the residents of the town refused to allow the officials to do so.",792,288,0.364,36.4%
"When you ""engage vigorously"" in something, you ____________.",548,274,0.5,50.0%
Where is Netflix located?,548,436,0.796,79.6%
Which character does the man play?,404,236,0.584,58.4%
Which film did Uggie NOT appear in?,548,306,0.558,55.8%
Which food trend was NOT mentioned?,548,0,0.0,0.0%
Which of the following best summarizes the thoughts reflected in this passage?,436,0,0.0,0.0%
Which of the following events was important for her?,452,238,0.527,52.7%
Which of the following is NOT a gas mileage that was mentioned in this passage as being fuel-efficient?,452,126,0.279,27.9%
Which of the following is NOT true about the art festival?,380,164,0.432,43.2%
Which of the following is a true statement according to the passage?,860,0,0.0,0.0%
Which of the following statements is not found in the passage?,380,204,0.537,53.7%
Which statement is true about the show?,404,116,0.287,28.7%
"While the Bolsa Mexicana de Valores SAB has actively courted algorithmic traders, the country is at least a decade behind the U.S. in terms of automation.",436,190,0.436,43.6%
"While we will consider these claims in more detail, the point that I would like to demonstrate is that none of the debates has reached closure. ",480,0,0.0,0.0%
Who are Liberty and Peace?,480,290,0.604,60.4%
Who created a budget plan that would cut trillions in federal spending?,436,200,0.459,45.9%
Who did Edward Snowden formerly work for?,480,242,0.504,50.4%
Who first bought the dishwasher?,890,288,0.324,32.4%
Who is NOT trying to make this hamburger?,890,304,0.342,34.2%
Who is Omar Van Muller?,548,408,0.745,74.5%
Who is able to access the streaming service?,436,202,0.463,46.3%
Who is most likely the audience of this lecture?,436,0,0.0,0.0%
"Who is referred to as those ""in uniform""?",380,70,0.184,18.4%
"Who is the ""buddy"" Stephen's friend refers to? ",480,0,0.0,0.0%
Who is the direct overseer of Immigration and Customs Enforcement?,380,0,0.0,0.0%
Who oversees privacy issues in the United States?,792,330,0.417,41.7%
Who owns the building?,890,410,0.461,46.1%
Who spray-painted the building?,890,364,0.409,40.9%
Who wrote the song ‚ÄúI Was Here‚Äù?,452,250,0.553,55.3%
Whoever the population elects as president will have a long road ahead.,436,234,0.537,53.7%
Whomever the committee selects for this scholarship will also be presented at the school assembly.,380,0,0.0,0.0%
Why are some people angry with Baby Shaker?,404,0,0.0,0.0%
Why did Beyonce perform at the UN?,452,324,0.717,71.7%
Why did Josephine say she would invent the dishwasher?,890,338,0.38,38.0%
Why did the man go to the electronics store?,436,118,0.271,27.1%
Why does the author consider contemporary culture to be eclectic?,404,0,0.0,0.0%
Why does the customer call Delta Airlines?,404,168,0.416,41.6%
Why does the customer decline recommendations for a hotel?,404,104,0.257,25.7%
Why does the seat need to be in its upright position during take off and landing?,452,264,0.584,58.4%
Why don't you take a walk outside? It'll make you feel more refreshed.,480,244,0.508,50.8%
"Why haven't officials responded to the case? Until they do, citizens will continue to grow suspicious.",380,0,0.0,0.0%
Why is Josephine Cochrane important? ,890,356,0.4,40.0%
Why is an increase of taxes on a beverage taking place?,548,332,0.606,60.6%
"Why is the ""buddy"" going to the VA clinic?",480,0,0.0,0.0%
"With the exception of seven children, everyone in the building was confronted by the police.",548,398,0.726,72.6%
With which of the following statements would the man most agree?,436,76,0.174,17.4%
With which of the following statements would the people in this audio agree?,380,0,0.0,0.0%
Women are working together in an office.,452,290,0.642,64.2%
Would you mind opening that window on your way out? It's really stuffy in here.,436,0,0.0,0.0%
You should have an apple each day.,404,156,0.386,38.6%
You're never responsible for unauthorized purchases on your Discover card.,452,144,0.319,31.9%
Your body breaks food down into glucose in order to use it for fuel.,1000,246,0.246,24.6%
____________ is a main component of IRT. ,480,206,0.429,42.9%
"‚ÄúMaleficent‚Äù aims to be both a retelling of the fairy tale ‚Äî albeit taking several eyebrow-raising artistic liberties ‚Äî and an exploration of her past, to show what made her so cruel.",452,0,0.0,0.0%
